low_40_res.png,0.6333474
low_37_res.png,0.7311658
low_51_res.png,0.69387776
low_101_mk_res.png,0.6636646
low_43_res.png,0.740336
low_34_res.png,0.6711547
low_15_res.png,0.7074643
low_paul_hanaoka-unsplash-crop_res.png,0.5947164
low_32_res.png,0.72836494
low_ariana_suarez-unsplash-crop_res.png,0.72417116
low_martin_katler-unsplash-crop_res.png,0.6987388
low_56_res.png,0.74233377
low_31_res.png,0.6827426
low_50_res.png,0.68564206
low_30_res.png,0.71684676
low_sandy_millar-unsplash-crop_res.png,0.69889694
low_91_res.png,0.6667263
low_59_res.png,0.6782156
low_rudra_pratap-unsplash-crop_res.png,0.6724741
low_7_res.png,0.66402286
low_66_res.png,0.6742054
low_21_res.png,0.6897324
low_19_res.png,0.6792272
low_0_res.png,0.6377486
low_cyrus_chew-unsplash-crop_res.png,0.66735715
low_33_res.png,0.72851956
low_1_res.png,0.7047703
low_3_res.png,0.7263267
low_6_res.png,0.7374512
low_24_res.png,0.68480766
low_53_res.png,0.6526148
low_47_res.png,0.6793169
low_58_res.png,0.6840163
low_64_res.png,0.6856881
low_63_res.png,0.7083495
low_100_mk_res.png,0.67533803
low_25_res.png,0.705354
low_5_res.png,0.68567157
low_17_res.png,0.7084548
low_29_res.png,0.7285845
low_4_res.png,0.6965664
low_49_res.png,0.73892266
low_86_res.png,0.70394105
low_42_north-unsplash-crop_res.png,0.6782585
low_69_res.png,0.680253
low_vadim_sadovski-unsplash-crop_res.png,0.6682771
low_9_res.png,0.70538765
low_2_res.png,0.69900507
low_miron_cristina-unsplash-crop_res.png,0.6746964
low_23_res.png,0.7324928
low_54_res.png,0.68826187
low_10_res.png,0.7324519
low_74_res.png,0.7009156
low_22_res.png,0.66731346
low_26_res.png,0.6782416
low_71_res.png,0.70219326
low_68_res.png,0.7355627
low_72_res.png,0.6993188
low_8_res.png,0.6976328
low_55_res.png,0.65354055
low_70_res.png,0.7041803
low_piotr_musiol-unsplash-crop_res.png,0.638026
low_93_res.png,0.71257824
low_marco_biondi-unsplash-crop_res.png,0.70827603
low_94_res.png,0.66822916
low_82_res.png,0.67890084
low_35_res.png,0.68128574
low_14_res.png,0.6593084
low_12_res.png,0.68879753
low_max_sandelin-unsplash-crop_res.png,0.64901185
low_11_res.png,0.65903807
low_16_res.png,0.73100525
low_62_res.png,0.69580895
low_44_res.png,0.73655385
low_85_res.png,0.709992
low_27_res.png,0.68529505
low_45_res.png,0.6684302
low_sergey_semin-unsplash-crop_res.png,0.71154094
low_90_res.png,0.6863639
low_46_res.png,0.702319
low_76_res.png,0.63724864
low_83_res.png,0.6970973
low_adryan_ra-unsplash-crop_res.png,0.6935397
low_88_res.png,0.6844195
low_61_res.png,0.6593146
low_67_res.png,0.7086416
low_96_res.png,0.6840967
low_81_res.png,0.64924914
low_39_res.png,0.6648462
low_97_res.png,0.67424357
low_80_res.png,0.6704533
low_77_res.png,0.6618566
low_98_res.png,0.6362766
low_57_res.png,0.6897734
low_41_res.png,0.69797546
low_73_res.png,0.6699569
low_95_res.png,0.71058244
low_dmitry_ulitin-unsplach-crop_res.png,0.6673239
low_13_res.png,0.71052724
low_38_res.png,0.7023498
